Pallet,Weight,Profit
1, 1024, 1024
2, 1024, 1024
3, 512, 512
4, 512, 512
5, 512, 512
6, 512, 512
7, 256, 256
8, 256, 256
9, 256, 256
10, 256, 256
11, 256, 256
12, 256, 256
13, 256, 256
14, 256, 256
15, 128, 128
16, 128, 128
17, 128, 128
18, 128, 128
19, 128, 128
20, 128, 128
21, 128, 128
22, 128, 128
23, 128, 128
24, 128, 128
25, 128, 128
26, 128, 128
27, 128, 128
28, 128, 128
29, 128, 128
30, 128, 128
31, 64, 64
32, 64, 64
33, 64, 64
34, 64, 64
35, 64, 64
36, 64, 64
37, 64, 64
38, 64, 64
39, 64, 64
40, 64, 64
41, 64, 64
42, 64, 64
43, 64, 64
44, 64, 64
45, 64, 64
46, 64, 64
47, 64, 64
48, 64, 64
49, 64, 64
50, 64, 64
51, 64, 64
52, 64, 64
53, 64, 64
54, 64, 64
55, 64, 64
56, 64, 64
57, 64, 64
58, 64, 64
59, 64, 64
60, 64, 64
61, 64, 64
62, 64, 64
63, 32, 32
64, 32, 32
65, 32, 32
66, 32, 32
67, 32, 32
68, 32, 32
69, 32, 32
70, 32, 32
71, 32, 32
72, 32, 32
73, 32, 32
74, 32, 32
75, 32, 32
76, 32, 32
77, 32, 32
78, 32, 32
79, 32, 32
80, 32, 32
81, 32, 32
82, 32, 32
83, 32, 32
84, 32, 32
85, 32, 32
86, 32, 32
87, 32, 32
88, 32, 32
89, 32, 32
90, 32, 32
91, 32, 32
92, 32, 32
93, 32, 32
94, 32, 32
95, 32, 32
96, 32, 32
97, 32, 32
98, 32, 32
99, 32, 32
100, 32, 32
101, 32, 32
102, 32, 32
103, 32, 32
104, 32, 32
105, 32, 32
106, 32, 32
107, 32, 32
108, 32, 32
109, 32, 32
110, 32, 32
111, 32, 32
112, 32, 32
113, 32, 32
114, 32, 32
115, 32, 32
116, 32, 32
117, 32, 32
118, 32, 32
119, 32, 32
120, 32, 32
121, 32, 32
122, 32, 32
123, 32, 32
124, 32, 32
125, 32, 32
126, 32, 32
127, 16, 16
128, 16, 16
129, 16, 16
130, 16, 16
131, 16, 16
132, 16, 16
133, 16, 16
134, 16, 16
135, 16, 16
136, 16, 16
137, 16, 16
138, 16, 16
139, 16, 16
140, 16, 16
141, 16, 16
142, 16, 16
143, 16, 16
144, 16, 16
145, 16, 16
146, 16, 16
147, 16, 16
148, 16, 16
149, 16, 16
150, 16, 16
151, 16, 16
152, 16, 16
153, 16, 16
154, 16, 16
155, 16, 16
156, 16, 16
157, 16, 16
158, 16, 16
159, 16, 16
160, 16, 16
161, 16, 16
162, 16, 16
163, 16, 16
164, 16, 16
165, 16, 16
166, 16, 16
167, 16, 16
168, 16, 16
169, 16, 16
170, 16, 16
171, 16, 16
172, 16, 16
173, 16, 16
174, 16, 16
175, 16, 16
176, 16, 16
177, 16, 16
178, 16, 16
179, 16, 16
180, 16, 16
181, 16, 16
182, 16, 16
183, 16, 16
184, 16, 16
185, 16, 16
186, 16, 16
187, 16, 16
188, 16, 16
189, 16, 16
190, 16, 16
191, 16, 16
192, 16, 16
193, 16, 16
194, 16, 16
195, 16, 16
196, 16, 16
197, 16, 16
198, 16, 16
199, 16, 16
200, 16, 16
201, 16, 16
202, 16, 16
203, 16, 16
204, 16, 16
205, 16, 16
206, 16, 16
207, 16, 16
208, 16, 16
209, 16, 16
210, 16, 16
211, 16, 16
212, 16, 16
213, 16, 16
214, 16, 16
215, 16, 16
216, 16, 16
217, 16, 16
218, 16, 16
219, 16, 16
220, 16, 16
221, 16, 16
222, 16, 16
223, 16, 16
224, 16, 16
225, 16, 16
226, 16, 16
227, 16, 16
228, 16, 16
229, 16, 16
230, 16, 16
231, 16, 16
232, 16, 16
233, 16, 16
234, 16, 16
235, 16, 16
236, 16, 16
237, 16, 16
238, 16, 16
239, 16, 16
240, 16, 16
241, 16, 16
242, 16, 16
243, 16, 16
244, 16, 16
245, 16, 16
246, 16, 16
247, 16, 16
248, 16, 16
249, 16, 16
250, 16, 16
251, 16, 16
252, 16, 16
253, 16, 16
254, 16, 16
255, 8, 8
256, 8, 8
257, 8, 8
258, 8, 8
259, 8, 8
260, 8, 8
261, 8, 8
262, 8, 8
263, 8, 8
264, 8, 8
265, 8, 8
266, 8, 8
267, 8, 8
268, 8, 8
269, 8, 8
270, 8, 8
271, 8, 8
272, 8, 8
273, 8, 8
274, 8, 8
275, 8, 8
276, 8, 8
277, 8, 8
278, 8, 8
279, 8, 8
280, 8, 8
281, 8, 8
282, 8, 8
283, 8, 8
284, 8, 8
285, 8, 8
286, 8, 8
287, 8, 8
288, 8, 8
289, 8, 8
290, 8, 8
291, 8, 8
292, 8, 8
293, 8, 8
294, 8, 8
295, 8, 8
296, 8, 8
297, 8, 8
298, 8, 8
299, 8, 8
300, 8, 8
301, 8, 8
302, 8, 8
303, 8, 8
304, 8, 8
305, 8, 8
306, 8, 8
307, 8, 8
308, 8, 8
309, 8, 8
310, 8, 8
311, 8, 8
312, 8, 8
313, 8, 8
314, 8, 8
315, 8, 8
316, 8, 8
317, 8, 8
318, 8, 8
319, 8, 8
320, 8, 8
321, 8, 8
322, 8, 8
323, 8, 8
324, 8, 8
325, 8, 8
326, 8, 8
327, 8, 8
328, 8, 8
329, 8, 8
330, 8, 8
331, 8, 8
332, 8, 8
333, 8, 8
334, 8, 8
335, 8, 8
336, 8, 8
337, 8, 8
338, 8, 8
339, 8, 8
340, 8, 8
341, 8, 8
342, 8, 8
343, 8, 8
344, 8, 8
345, 8, 8
346, 8, 8
347, 8, 8
348, 8, 8
349, 8, 8
350, 8, 8
351, 8, 8
352, 8, 8
353, 8, 8
354, 8, 8
355, 8, 8
356, 8, 8
357, 8, 8
358, 8, 8
359, 8, 8
360, 8, 8
361, 8, 8
362, 8, 8
363, 8, 8
364, 8, 8
365, 8, 8
366, 8, 8
367, 8, 8
368, 8, 8
369, 8, 8
370, 8, 8
371, 8, 8
372, 8, 8
373, 8, 8
374, 8, 8
375, 8, 8
376, 8, 8
377, 8, 8
378, 8, 8
379, 8, 8
380, 8, 8
381, 8, 8
382, 8, 8
383, 8, 8
384, 8, 8
385, 8, 8
386, 8, 8
387, 8, 8
388, 8, 8
389, 8, 8
390, 8, 8
391, 8, 8
392, 8, 8
393, 8, 8
394, 8, 8
395, 8, 8
396, 8, 8
397, 8, 8
398, 8, 8
399, 8, 8
400, 8, 8
401, 8, 8
402, 8, 8
403, 8, 8
404, 8, 8
405, 8, 8
406, 8, 8
407, 8, 8
408, 8, 8
409, 8, 8
410, 8, 8
411, 8, 8
412, 8, 8
413, 8, 8
414, 8, 8
415, 8, 8
416, 8, 8
417, 8, 8
418, 8, 8
419, 8, 8
420, 8, 8
421, 8, 8
422, 8, 8
423, 8, 8
424, 8, 8
425, 8, 8
426, 8, 8
427, 8, 8
428, 8, 8
429, 8, 8
430, 8, 8
431, 8, 8
432, 8, 8
433, 8, 8
434, 8, 8
435, 8, 8
436, 8, 8
437, 8, 8
438, 8, 8
439, 8, 8
440, 8, 8
441, 8, 8
442, 8, 8
443, 8, 8
444, 8, 8
445, 8, 8
446, 8, 8
447, 8, 8
448, 8, 8
449, 8, 8
450, 8, 8
451, 8, 8
452, 8, 8
453, 8, 8
454, 8, 8
455, 8, 8
456, 8, 8
457, 8, 8
458, 8, 8
459, 8, 8
460, 8, 8
461, 8, 8
462, 8, 8
463, 8, 8
464, 8, 8
465, 8, 8
466, 8, 8
467, 8, 8
468, 8, 8
469, 8, 8
470, 8, 8
471, 8, 8
472, 8, 8
473, 8, 8
474, 8, 8
475, 8, 8
476, 8, 8
477, 8, 8
478, 8, 8
479, 8, 8
480, 8, 8
481, 8, 8
482, 8, 8
483, 8, 8
484, 8, 8
485, 8, 8
486, 8, 8
487, 8, 8
488, 8, 8
489, 8, 8
490, 8, 8
491, 8, 8
492, 8, 8
493, 8, 8
494, 8, 8
495, 8, 8
496, 8, 8
497, 8, 8
498, 8, 8
499, 8, 8
500, 8, 8
501, 8, 8
502, 8, 8
503, 8, 8
504, 8, 8
505, 8, 8
506, 8, 8
507, 8, 8
508, 8, 8
509, 8, 8
510, 8, 8
511, 4, 4
512, 4, 4
513, 4, 4
514, 4, 4
515, 4, 4
516, 4, 4
517, 4, 4
518, 4, 4
519, 4, 4
520, 4, 4
521, 4, 4
522, 4, 4
523, 4, 4
524, 4, 4
525, 4, 4
526, 4, 4
527, 4, 4
528, 4, 4
529, 4, 4
530, 4, 4
531, 4, 4
532, 4, 4
533, 4, 4
534, 4, 4
535, 4, 4
536, 4, 4
537, 4, 4
538, 4, 4
539, 4, 4
540, 4, 4
541, 4, 4
542, 4, 4
543, 4, 4
544, 4, 4
545, 4, 4
546, 4, 4
547, 4, 4
548, 4, 4
549, 4, 4
550, 4, 4
551, 4, 4
552, 4, 4
553, 4, 4
554, 4, 4
555, 4, 4
556, 4, 4
557, 4, 4
558, 4, 4
559, 4, 4
560, 4, 4
561, 4, 4
562, 4, 4
563, 4, 4
564, 4, 4
565, 4, 4
566, 4, 4
567, 4, 4
568, 4, 4
569, 4, 4
570, 4, 4
571, 4, 4
572, 4, 4
573, 4, 4
574, 4, 4
575, 4, 4
576, 4, 4
577, 4, 4
578, 4, 4
579, 4, 4
580, 4, 4
581, 4, 4
582, 4, 4
583, 4, 4
584, 4, 4
585, 4, 4
586, 4, 4
587, 4, 4
588, 4, 4
589, 4, 4
590, 4, 4
591, 4, 4
592, 4, 4
593, 4, 4
594, 4, 4
595, 4, 4
596, 4, 4
597, 4, 4
598, 4, 4
599, 4, 4
600, 4, 4
601, 4, 4
602, 4, 4
603, 4, 4
604, 4, 4
605, 4, 4
606, 4, 4
607, 4, 4
608, 4, 4
609, 4, 4
610, 4, 4
611, 4, 4
612, 4, 4
613, 4, 4
614, 4, 4
615, 4, 4
616, 4, 4
617, 4, 4
618, 4, 4
619, 4, 4
620, 4, 4
621, 4, 4
622, 4, 4
623, 4, 4
624, 4, 4
625, 4, 4
626, 4, 4
627, 4, 4
628, 4, 4
629, 4, 4
630, 4, 4
631, 4, 4
632, 4, 4
633, 4, 4
634, 4, 4
635, 4, 4
636, 4, 4
637, 4, 4
638, 4, 4
639, 4, 4
640, 4, 4
641, 4, 4
642, 4, 4
643, 4, 4
644, 4, 4
645, 4, 4
646, 4, 4
647, 4, 4
648, 4, 4
649, 4, 4
650, 4, 4
651, 4, 4
652, 4, 4
653, 4, 4
654, 4, 4
655, 4, 4
656, 4, 4
657, 4, 4
658, 4, 4
659, 4, 4
660, 4, 4
661, 4, 4
662, 4, 4
663, 4, 4
664, 4, 4
665, 4, 4
666, 4, 4
667, 4, 4
668, 4, 4
669, 4, 4
670, 4, 4
671, 4, 4
672, 4, 4
673, 4, 4
674, 4, 4
675, 4, 4
676, 4, 4
677, 4, 4
678, 4, 4
679, 4, 4
680, 4, 4
681, 4, 4
682, 4, 4
683, 4, 4
684, 4, 4
685, 4, 4
686, 4, 4
687, 4, 4
688, 4, 4
689, 4, 4
690, 4, 4
691, 4, 4
692, 4, 4
693, 4, 4
694, 4, 4
695, 4, 4
696, 4, 4
697, 4, 4
698, 4, 4
699, 4, 4
700, 4, 4
701, 4, 4
702, 4, 4
703, 4, 4
704, 4, 4
705, 4, 4
706, 4, 4
707, 4, 4
708, 4, 4
709, 4, 4
710, 4, 4
711, 4, 4
712, 4, 4
713, 4, 4
714, 4, 4
715, 4, 4
716, 4, 4
717, 4, 4
718, 4, 4
719, 4, 4
720, 4, 4
721, 4, 4
722, 4, 4
723, 4, 4
724, 4, 4
725, 4, 4
726, 4, 4
727, 4, 4
728, 4, 4
729, 4, 4
730, 4, 4
731, 4, 4
732, 4, 4
733, 4, 4
734, 4, 4
735, 4, 4
736, 4, 4
737, 4, 4
738, 4, 4
739, 4, 4
740, 4, 4
741, 4, 4
742, 4, 4
743, 4, 4
744, 4, 4
745, 4, 4
746, 4, 4
747, 4, 4
748, 4, 4
749, 4, 4
750, 4, 4
751, 4, 4
752, 4, 4
753, 4, 4
754, 4, 4
755, 4, 4
756, 4, 4
757, 4, 4
758, 4, 4
759, 4, 4
760, 4, 4
761, 4, 4
762, 4, 4
763, 4, 4
764, 4, 4
765, 4, 4
766, 4, 4
767, 4, 4
768, 4, 4
769, 4, 4
770, 4, 4
771, 4, 4
772, 4, 4
773, 4, 4
774, 4, 4
775, 4, 4
776, 4, 4
777, 4, 4
778, 4, 4
779, 4, 4
780, 4, 4
781, 4, 4
782, 4, 4
783, 4, 4
784, 4, 4
785, 4, 4
786, 4, 4
787, 4, 4
788, 4, 4
789, 4, 4
790, 4, 4
791, 4, 4
792, 4, 4
793, 4, 4
794, 4, 4
795, 4, 4
796, 4, 4
797, 4, 4
798, 4, 4
799, 4, 4
800, 4, 4
801, 4, 4
802, 4, 4
803, 4, 4
804, 4, 4
805, 4, 4
806, 4, 4
807, 4, 4
808, 4, 4
809, 4, 4
810, 4, 4
811, 4, 4
812, 4, 4
813, 4, 4
814, 4, 4
815, 4, 4
816, 4, 4
817, 4, 4
818, 4, 4
819, 4, 4
820, 4, 4
821, 4, 4
822, 4, 4
823, 4, 4
824, 4, 4
825, 4, 4
826, 4, 4
827, 4, 4
828, 4, 4
829, 4, 4
830, 4, 4
831, 4, 4
832, 4, 4
833, 4, 4
834, 4, 4
835, 4, 4
836, 4, 4
837, 4, 4
838, 4, 4
839, 4, 4
840, 4, 4
841, 4, 4
842, 4, 4
843, 4, 4
844, 4, 4
845, 4, 4
846, 4, 4
847, 4, 4
848, 4, 4
849, 4, 4
850, 4, 4
851, 4, 4
852, 4, 4
853, 4, 4
854, 4, 4
855, 4, 4
856, 4, 4
857, 4, 4
858, 4, 4
859, 4, 4
860, 4, 4
861, 4, 4
862, 4, 4
863, 4, 4
864, 4, 4
865, 4, 4
866, 4, 4
867, 4, 4
868, 4, 4
869, 4, 4
870, 4, 4
871, 4, 4
872, 4, 4
873, 4, 4
874, 4, 4
875, 4, 4
876, 4, 4
877, 4, 4
878, 4, 4
879, 4, 4
880, 4, 4
881, 4, 4
882, 4, 4
883, 4, 4
884, 4, 4
885, 4, 4
886, 4, 4
887, 4, 4
888, 4, 4
889, 4, 4
890, 4, 4
891, 4, 4
892, 4, 4
893, 4, 4
894, 4, 4
895, 4, 4
896, 4, 4
897, 4, 4
898, 4, 4
899, 4, 4
900, 4, 4
901, 4, 4
902, 4, 4
903, 4, 4
904, 4, 4
905, 4, 4
906, 4, 4
907, 4, 4
908, 4, 4
909, 4, 4
910, 4, 4
911, 4, 4
912, 4, 4
913, 4, 4
914, 4, 4
915, 4, 4
916, 4, 4
917, 4, 4
918, 4, 4
919, 4, 4
920, 4, 4
921, 4, 4
922, 4, 4
923, 4, 4
924, 4, 4
925, 4, 4
926, 4, 4
927, 4, 4
928, 4, 4
929, 4, 4
930, 4, 4
931, 4, 4
932, 4, 4
933, 4, 4
934, 4, 4
935, 4, 4
936, 4, 4
937, 4, 4
938, 4, 4
939, 4, 4
940, 4, 4
941, 4, 4
942, 4, 4
943, 4, 4
944, 4, 4
945, 4, 4
946, 4, 4
947, 4, 4
948, 4, 4
949, 4, 4
950, 4, 4
951, 4, 4
952, 4, 4
953, 4, 4
954, 4, 4
955, 4, 4
956, 4, 4
957, 4, 4
958, 4, 4
959, 4, 4
960, 4, 4
961, 4, 4
962, 4, 4
963, 4, 4
964, 4, 4
965, 4, 4
966, 4, 4
967, 4, 4
968, 4, 4
969, 4, 4
970, 4, 4
971, 4, 4
972, 4, 4
973, 4, 4
974, 4, 4
975, 4, 4
976, 4, 4
977, 4, 4
978, 4, 4
979, 4, 4
980, 4, 4
981, 4, 4
982, 4, 4
983, 4, 4
984, 4, 4
985, 4, 4
986, 4, 4
987, 4, 4
988, 4, 4
989, 4, 4
990, 4, 4
991, 4, 4
992, 4, 4
993, 4, 4
994, 4, 4
995, 4, 4
996, 4, 4
997, 4, 4
998, 4, 4
999, 4, 4
1000, 4, 4
1001, 4, 4
1002, 4, 4
1003, 4, 4
1004, 4, 4
1005, 4, 4
1006, 4, 4
1007, 4, 4
1008, 4, 4
1009, 4, 4
1010, 4, 4
1011, 4, 4
1012, 4, 4
1013, 4, 4
1014, 4, 4
1015, 4, 4
1016, 4, 4
1017, 4, 4
1018, 4, 4
1019, 4, 4
1020, 4, 4
1021, 4, 4
1022, 4, 4
1023, 2, 2
1024, 2, 2
1025, 2, 2
1026, 2, 2
1027, 2, 2
1028, 2, 2
1029, 2, 2
1030, 2, 2
1031, 2, 2
1032, 2, 2
1033, 2, 2
1034, 2, 2
1035, 2, 2
1036, 2, 2
1037, 2, 2
1038, 2, 2
1039, 2, 2
1040, 2, 2
1041, 2, 2
1042, 2, 2
1043, 2, 2
1044, 2, 2
1045, 2, 2
1046, 2, 2
1047, 2, 2
1048, 2, 2
1049, 2, 2
1050, 2, 2
1051, 2, 2
1052, 2, 2
1053, 2, 2
1054, 2, 2
1055, 2, 2
1056, 2, 2
1057, 2, 2
1058, 2, 2
1059, 2, 2
1060, 2, 2
1061, 2, 2
1062, 2, 2
1063, 2, 2
1064, 2, 2
1065, 2, 2
1066, 2, 2
1067, 2, 2
1068, 2, 2
1069, 2, 2
1070, 2, 2
1071, 2, 2
1072, 2, 2
1073, 2, 2
1074, 2, 2
1075, 2, 2
1076, 2, 2
1077, 2, 2
1078, 2, 2
1079, 2, 2
1080, 2, 2
1081, 2, 2
1082, 2, 2
1083, 2, 2
1084, 2, 2
1085, 2, 2
1086, 2, 2
1087, 2, 2
1088, 2, 2
1089, 2, 2
1090, 2, 2
1091, 2, 2
1092, 2, 2
1093, 2, 2
1094, 2, 2
1095, 2, 2
1096, 2, 2
1097, 2, 2
1098, 2, 2
1099, 2, 2
1100, 2, 2
1101, 2, 2
1102, 2, 2
1103, 2, 2
1104, 2, 2
1105, 2, 2
1106, 2, 2
1107, 2, 2
1108, 2, 2
1109, 2, 2
1110, 2, 2
1111, 2, 2
1112, 2, 2
1113, 2, 2
1114, 2, 2
1115, 2, 2
1116, 2, 2
1117, 2, 2
1118, 2, 2
1119, 2, 2
1120, 2, 2
1121, 2, 2
1122, 2, 2
1123, 2, 2
1124, 2, 2
1125, 2, 2
1126, 2, 2
1127, 2, 2
1128, 2, 2
1129, 2, 2
1130, 2, 2
1131, 2, 2
1132, 2, 2
1133, 2, 2
1134, 2, 2
1135, 2, 2
1136, 2, 2
1137, 2, 2
1138, 2, 2
1139, 2, 2
1140, 2, 2
1141, 2, 2
1142, 2, 2
1143, 2, 2
1144, 2, 2
1145, 2, 2
1146, 2, 2
1147, 2, 2
1148, 2, 2
1149, 2, 2
1150, 2, 2
1151, 2, 2
1152, 2, 2
1153, 2, 2
1154, 2, 2
1155, 2, 2
1156, 2, 2
1157, 2, 2
1158, 2, 2
1159, 2, 2
1160, 2, 2
1161, 2, 2
1162, 2, 2
1163, 2, 2
1164, 2, 2
1165, 2, 2
1166, 2, 2
1167, 2, 2
1168, 2, 2
1169, 2, 2
1170, 2, 2
1171, 2, 2
1172, 2, 2
1173, 2, 2
1174, 2, 2
1175, 2, 2
1176, 2, 2
1177, 2, 2
1178, 2, 2
1179, 2, 2
1180, 2, 2
1181, 2, 2
1182, 2, 2
1183, 2, 2
1184, 2, 2
1185, 2, 2
1186, 2, 2
1187, 2, 2
1188, 2, 2
1189, 2, 2
1190, 2, 2
1191, 2, 2
1192, 2, 2
1193, 2, 2
1194, 2, 2
1195, 2, 2
1196, 2, 2
1197, 2, 2
1198, 2, 2
1199, 2, 2
1200, 2, 2
1201, 2, 2
1202, 2, 2
1203, 2, 2
1204, 2, 2
1205, 2, 2
1206, 2, 2
1207, 2, 2
1208, 2, 2
1209, 2, 2
1210, 2, 2
1211, 2, 2
1212, 2, 2
1213, 2, 2
1214, 2, 2
1215, 2, 2
1216, 2, 2
1217, 2, 2
1218, 2, 2
1219, 2, 2
1220, 2, 2
1221, 2, 2
1222, 2, 2
1223, 2, 2
1224, 2, 2
1225, 2, 2
1226, 2, 2
1227, 2, 2
1228, 2, 2
1229, 2, 2
1230, 2, 2
1231, 2, 2
1232, 2, 2
1233, 2, 2
1234, 2, 2
1235, 2, 2
1236, 2, 2
1237, 2, 2
1238, 2, 2
1239, 2, 2
1240, 2, 2
1241, 2, 2
1242, 2, 2
1243, 2, 2
1244, 2, 2
1245, 2, 2
1246, 2, 2
1247, 2, 2
1248, 2, 2
1249, 2, 2
1250, 2, 2
1251, 2, 2
1252, 2, 2
1253, 2, 2
1254, 2, 2
1255, 2, 2
1256, 2, 2
1257, 2, 2
1258, 2, 2
1259, 2, 2
1260, 2, 2
1261, 2, 2
1262, 2, 2
1263, 2, 2
1264, 2, 2
1265, 2, 2
1266, 2, 2
1267, 2, 2
1268, 2, 2
1269, 2, 2
1270, 2, 2
1271, 2, 2
1272, 2, 2
1273, 2, 2
1274, 2, 2
1275, 2, 2
1276, 2, 2
1277, 2, 2
1278, 2, 2
1279, 2, 2
1280, 2, 2
1281, 2, 2
1282, 2, 2
1283, 2, 2
1284, 2, 2
1285, 2, 2
1286, 2, 2
1287, 2, 2
1288, 2, 2
1289, 2, 2
1290, 2, 2
1291, 2, 2
1292, 2, 2
1293, 2, 2
1294, 2, 2
1295, 2, 2
1296, 2, 2
1297, 2, 2
1298, 2, 2
1299, 2, 2
1300, 2, 2
1301, 2, 2
1302, 2, 2
1303, 2, 2
1304, 2, 2
1305, 2, 2
1306, 2, 2
1307, 2, 2
1308, 2, 2
1309, 2, 2
1310, 2, 2
1311, 2, 2
1312, 2, 2
1313, 2, 2
1314, 2, 2
1315, 2, 2
1316, 2, 2
1317, 2, 2
1318, 2, 2
1319, 2, 2
1320, 2, 2
1321, 2, 2
1322, 2, 2
1323, 2, 2
1324, 2, 2
1325, 2, 2
1326, 2, 2
1327, 2, 2
1328, 2, 2
1329, 2, 2
1330, 2, 2
1331, 2, 2
1332, 2, 2
1333, 2, 2
1334, 2, 2
1335, 2, 2
1336, 2, 2
1337, 2, 2
1338, 2, 2
1339, 2, 2
1340, 2, 2
1341, 2, 2
1342, 2, 2
1343, 2, 2
1344, 2, 2
1345, 2, 2
1346, 2, 2
1347, 2, 2
1348, 2, 2
1349, 2, 2
1350, 2, 2
1351, 2, 2
1352, 2, 2
1353, 2, 2
1354, 2, 2
1355, 2, 2
1356, 2, 2
1357, 2, 2
1358, 2, 2
1359, 2, 2
1360, 2, 2
1361, 2, 2
1362, 2, 2
1363, 2, 2
1364, 2, 2
1365, 2, 2
1366, 2, 2
1367, 2, 2
1368, 2, 2
1369, 2, 2
1370, 2, 2
1371, 2, 2
1372, 2, 2
1373, 2, 2
1374, 2, 2
1375, 2, 2
1376, 2, 2
1377, 2, 2
1378, 2, 2
1379, 2, 2
1380, 2, 2
1381, 2, 2
1382, 2, 2
1383, 2, 2
1384, 2, 2
1385, 2, 2
1386, 2, 2
1387, 2, 2
1388, 2, 2
1389, 2, 2
1390, 2, 2
1391, 2, 2
1392, 2, 2
1393, 2, 2
1394, 2, 2
1395, 2, 2
1396, 2, 2
1397, 2, 2
1398, 2, 2
1399, 2, 2
1400, 2, 2
1401, 2, 2
1402, 2, 2
1403, 2, 2
1404, 2, 2
1405, 2, 2
1406, 2, 2
1407, 2, 2
1408, 2, 2
1409, 2, 2
1410, 2, 2
1411, 2, 2
1412, 2, 2
1413, 2, 2
1414, 2, 2
1415, 2, 2
1416, 2, 2
1417, 2, 2
1418, 2, 2
1419, 2, 2
1420, 2, 2
1421, 2, 2
1422, 2, 2
1423, 2, 2
1424, 2, 2
1425, 2, 2
1426, 2, 2
1427, 2, 2
1428, 2, 2
1429, 2, 2
1430, 2, 2
1431, 2, 2
1432, 2, 2
1433, 2, 2
1434, 2, 2
1435, 2, 2
1436, 2, 2
1437, 2, 2
1438, 2, 2
1439, 2, 2
1440, 2, 2
1441, 2, 2
1442, 2, 2
1443, 2, 2
1444, 2, 2
1445, 2, 2
1446, 2, 2
1447, 2, 2
1448, 2, 2
1449, 2, 2
1450, 2, 2
1451, 2, 2
1452, 2, 2
1453, 2, 2
1454, 2, 2
1455, 2, 2
1456, 2, 2
1457, 2, 2
1458, 2, 2
1459, 2, 2
1460, 2, 2
1461, 2, 2
1462, 2, 2
1463, 2, 2
1464, 2, 2
1465, 2, 2
1466, 2, 2
1467, 2, 2
1468, 2, 2
1469, 2, 2
1470, 2, 2
1471, 2, 2
1472, 2, 2
1473, 2, 2
1474, 2, 2
1475, 2, 2
1476, 2, 2
1477, 2, 2
1478, 2, 2
1479, 2, 2
1480, 2, 2
1481, 2, 2
1482, 2, 2
1483, 2, 2
1484, 2, 2
1485, 2, 2
1486, 2, 2
1487, 2, 2
1488, 2, 2
1489, 2, 2
1490, 2, 2
1491, 2, 2
1492, 2, 2
1493, 2, 2
1494, 2, 2
1495, 2, 2
1496, 2, 2
1497, 2, 2
1498, 2, 2
1499, 2, 2
1500, 2, 2
1501, 2, 2
1502, 2, 2
1503, 2, 2
1504, 2, 2
1505, 2, 2
1506, 2, 2
1507, 2, 2
1508, 2, 2
1509, 2, 2
1510, 2, 2
1511, 2, 2
1512, 2, 2
1513, 2, 2
1514, 2, 2
1515, 2, 2
1516, 2, 2
1517, 2, 2
1518, 2, 2
1519, 2, 2
1520, 2, 2
1521, 2, 2
1522, 2, 2
1523, 2, 2
1524, 2, 2
1525, 2, 2
1526, 2, 2
1527, 2, 2
1528, 2, 2
1529, 2, 2
1530, 2, 2
1531, 2, 2
1532, 2, 2
1533, 2, 2
1534, 2, 2
1535, 2, 2
1536, 2, 2
1537, 2, 2
1538, 2, 2
1539, 2, 2
1540, 2, 2
1541, 2, 2
1542, 2, 2
1543, 2, 2
1544, 2, 2
1545, 2, 2
1546, 2, 2
1547, 2, 2
1548, 2, 2
1549, 2, 2
1550, 2, 2
1551, 2, 2
1552, 2, 2
1553, 2, 2
1554, 2, 2
1555, 2, 2
1556, 2, 2
1557, 2, 2
1558, 2, 2
1559, 2, 2
1560, 2, 2
1561, 2, 2
1562, 2, 2
1563, 2, 2
1564, 2, 2
1565, 2, 2
1566, 2, 2
1567, 2, 2
1568, 2, 2
1569, 2, 2
1570, 2, 2
1571, 2, 2
1572, 2, 2
1573, 2, 2
1574, 2, 2
1575, 2, 2
1576, 2, 2
1577, 2, 2
1578, 2, 2
1579, 2, 2
1580, 2, 2
1581, 2, 2
1582, 2, 2
1583, 2, 2
1584, 2, 2
1585, 2, 2
1586, 2, 2
1587, 2, 2
1588, 2, 2
1589, 2, 2
1590, 2, 2
1591, 2, 2
1592, 2, 2
1593, 2, 2
1594, 2, 2
1595, 2, 2
1596, 2, 2
1597, 2, 2
1598, 2, 2
1599, 2, 2
1600, 2, 2
1601, 2, 2
1602, 2, 2
1603, 2, 2
1604, 2, 2
1605, 2, 2
1606, 2, 2
1607, 2, 2
1608, 2, 2
1609, 2, 2
1610, 2, 2
1611, 2, 2
1612, 2, 2
1613, 2, 2
1614, 2, 2
1615, 2, 2
1616, 2, 2
1617, 2, 2
1618, 2, 2
1619, 2, 2
1620, 2, 2
1621, 2, 2
1622, 2, 2
1623, 2, 2
1624, 2, 2
1625, 2, 2
1626, 2, 2
1627, 2, 2
1628, 2, 2
1629, 2, 2
1630, 2, 2
1631, 2, 2
1632, 2, 2
1633, 2, 2
1634, 2, 2
1635, 2, 2
1636, 2, 2
1637, 2, 2
1638, 2, 2
1639, 2, 2
1640, 2, 2
1641, 2, 2
1642, 2, 2
1643, 2, 2
1644, 2, 2
1645, 2, 2
1646, 2, 2
1647, 2, 2
1648, 2, 2
1649, 2, 2
1650, 2, 2
1651, 2, 2
1652, 2, 2
1653, 2, 2
1654, 2, 2
1655, 2, 2
1656, 2, 2
1657, 2, 2
1658, 2, 2
1659, 2, 2
1660, 2, 2
1661, 2, 2
1662, 2, 2
1663, 2, 2
1664, 2, 2
1665, 2, 2
1666, 2, 2
1667, 2, 2
1668, 2, 2
1669, 2, 2
1670, 2, 2
1671, 2, 2
1672, 2, 2
1673, 2, 2
1674, 2, 2
1675, 2, 2
1676, 2, 2
1677, 2, 2
1678, 2, 2
1679, 2, 2
1680, 2, 2
1681, 2, 2
1682, 2, 2
1683, 2, 2
1684, 2, 2
1685, 2, 2
1686, 2, 2
1687, 2, 2
1688, 2, 2
1689, 2, 2
1690, 2, 2
1691, 2, 2
1692, 2, 2
1693, 2, 2
1694, 2, 2
1695, 2, 2
1696, 2, 2
1697, 2, 2
1698, 2, 2
1699, 2, 2
1700, 2, 2
1701, 2, 2
1702, 2, 2
1703, 2, 2
1704, 2, 2
1705, 2, 2
1706, 2, 2
1707, 2, 2
1708, 2, 2
1709, 2, 2
1710, 2, 2
1711, 2, 2
1712, 2, 2
1713, 2, 2
1714, 2, 2
1715, 2, 2
1716, 2, 2
1717, 2, 2
1718, 2, 2
1719, 2, 2
1720, 2, 2
1721, 2, 2
1722, 2, 2
1723, 2, 2
1724, 2, 2
1725, 2, 2
1726, 2, 2
1727, 2, 2
1728, 2, 2
1729, 2, 2
1730, 2, 2
1731, 2, 2
1732, 2, 2
1733, 2, 2
1734, 2, 2
1735, 2, 2
1736, 2, 2
1737, 2, 2
1738, 2, 2
1739, 2, 2
1740, 2, 2
1741, 2, 2
1742, 2, 2
1743, 2, 2
1744, 2, 2
1745, 2, 2
1746, 2, 2
1747, 2, 2
1748, 2, 2
1749, 2, 2
1750, 2, 2
1751, 2, 2
1752, 2, 2
1753, 2, 2
1754, 2, 2
1755, 2, 2
1756, 2, 2
1757, 2, 2
1758, 2, 2
1759, 2, 2
1760, 2, 2
1761, 2, 2
1762, 2, 2
1763, 2, 2
1764, 2, 2
1765, 2, 2
1766, 2, 2
1767, 2, 2
1768, 2, 2
1769, 2, 2
1770, 2, 2
1771, 2, 2
1772, 2, 2
1773, 2, 2
1774, 2, 2
1775, 2, 2
1776, 2, 2
1777, 2, 2
1778, 2, 2
1779, 2, 2
1780, 2, 2
1781, 2, 2
1782, 2, 2
1783, 2, 2
1784, 2, 2
1785, 2, 2
1786, 2, 2
1787, 2, 2
1788, 2, 2
1789, 2, 2
1790, 2, 2
1791, 2, 2
1792, 2, 2
1793, 2, 2
1794, 2, 2
1795, 2, 2
1796, 2, 2
1797, 2, 2
1798, 2, 2
1799, 2, 2
1800, 2, 2
1801, 2, 2
1802, 2, 2
1803, 2, 2
1804, 2, 2
1805, 2, 2
1806, 2, 2
1807, 2, 2
1808, 2, 2
1809, 2, 2
1810, 2, 2
1811, 2, 2
1812, 2, 2
1813, 2, 2
1814, 2, 2
1815, 2, 2
1816, 2, 2
1817, 2, 2
1818, 2, 2
1819, 2, 2
1820, 2, 2
1821, 2, 2
1822, 2, 2
1823, 2, 2
1824, 2, 2
1825, 2, 2
1826, 2, 2
1827, 2, 2
1828, 2, 2
1829, 2, 2
1830, 2, 2
1831, 2, 2
1832, 2, 2
1833, 2, 2
1834, 2, 2
1835, 2, 2
1836, 2, 2
1837, 2, 2
1838, 2, 2
1839, 2, 2
1840, 2, 2
1841, 2, 2
1842, 2, 2
1843, 2, 2
1844, 2, 2
1845, 2, 2
1846, 2, 2
1847, 2, 2
1848, 2, 2
1849, 2, 2
1850, 2, 2
1851, 2, 2
1852, 2, 2
1853, 2, 2
1854, 2, 2
1855, 2, 2
1856, 2, 2
1857, 2, 2
1858, 2, 2
1859, 2, 2
1860, 2, 2
1861, 2, 2
1862, 2, 2
1863, 2, 2
1864, 2, 2
1865, 2, 2
1866, 2, 2
1867, 2, 2
1868, 2, 2
1869, 2, 2
1870, 2, 2
1871, 2, 2
1872, 2, 2
1873, 2, 2
1874, 2, 2
1875, 2, 2
1876, 2, 2
1877, 2, 2
1878, 2, 2
1879, 2, 2
1880, 2, 2
1881, 2, 2
1882, 2, 2
1883, 2, 2
1884, 2, 2
1885, 2, 2
1886, 2, 2
1887, 2, 2
1888, 2, 2
1889, 2, 2
1890, 2, 2
1891, 2, 2
1892, 2, 2
1893, 2, 2
1894, 2, 2
1895, 2, 2
1896, 2, 2
1897, 2, 2
1898, 2, 2
1899, 2, 2
1900, 2, 2
1901, 2, 2
1902, 2, 2
1903, 2, 2
1904, 2, 2
1905, 2, 2
1906, 2, 2
1907, 2, 2
1908, 2, 2
1909, 2, 2
1910, 2, 2
1911, 2, 2
1912, 2, 2
1913, 2, 2
1914, 2, 2
1915, 2, 2
1916, 2, 2
1917, 2, 2
1918, 2, 2
1919, 2, 2
1920, 2, 2
1921, 2, 2
1922, 2, 2
1923, 2, 2
1924, 2, 2
1925, 2, 2
1926, 2, 2
1927, 2, 2
1928, 2, 2
1929, 2, 2
1930, 2, 2
1931, 2, 2
1932, 2, 2
1933, 2, 2
1934, 2, 2
1935, 2, 2
1936, 2, 2
1937, 2, 2
1938, 2, 2
1939, 2, 2
1940, 2, 2
1941, 2, 2
1942, 2, 2
1943, 2, 2
1944, 2, 2
1945, 2, 2
1946, 2, 2
1947, 2, 2
1948, 2, 2
1949, 2, 2
1950, 2, 2
1951, 2, 2
1952, 2, 2
1953, 2, 2
1954, 2, 2
1955, 2, 2
1956, 2, 2
1957, 2, 2
1958, 2, 2
1959, 2, 2
1960, 2, 2
1961, 2, 2
1962, 2, 2
1963, 2, 2
1964, 2, 2
1965, 2, 2
1966, 2, 2
1967, 2, 2
1968, 2, 2
1969, 2, 2
1970, 2, 2
1971, 2, 2
1972, 2, 2
1973, 2, 2
1974, 2, 2
1975, 2, 2
1976, 2, 2
1977, 2, 2
1978, 2, 2
1979, 2, 2
1980, 2, 2
1981, 2, 2
1982, 2, 2
1983, 2, 2
1984, 2, 2
1985, 2, 2
1986, 2, 2
1987, 2, 2
1988, 2, 2
1989, 2, 2
1990, 2, 2
1991, 2, 2
1992, 2, 2
1993, 2, 2
1994, 2, 2
1995, 2, 2
1996, 2, 2
1997, 2, 2
1998, 2, 2
1999, 2, 2
2000, 2, 2
2001, 2, 2
2002, 2, 2
2003, 2, 2
2004, 2, 2
2005, 2, 2
2006, 2, 2
2007, 2, 2
2008, 2, 2
2009, 2, 2
2010, 2, 2
2011, 2, 2
2012, 2, 2
2013, 2, 2
2014, 2, 2
2015, 2, 2
2016, 2, 2
2017, 2, 2
2018, 2, 2
2019, 2, 2
2020, 2, 2
2021, 2, 2
2022, 2, 2
2023, 2, 2
2024, 2, 2
2025, 2, 2
2026, 2, 2
2027, 2, 2
2028, 2, 2
2029, 2, 2
2030, 2, 2
2031, 2, 2
2032, 2, 2
2033, 2, 2
2034, 2, 2
2035, 2, 2
2036, 2, 2
2037, 2, 2
2038, 2, 2
2039, 2, 2
2040, 2, 2
2041, 2, 2
2042, 2, 2
2043, 2, 2
2044, 2, 2
2045, 2, 2
2046, 2, 2
2047, 1, 1
2048, 1, 1
2049, 1, 1
2050, 1, 1
2051, 1, 1
2052, 1, 1
2053, 1, 1
2054, 1, 1
2055, 1, 1
2056, 1, 1
2057, 1, 1
2058, 1, 1
2059, 1, 1
2060, 1, 1
2061, 1, 1
2062, 1, 1
2063, 1, 1
2064, 1, 1
2065, 1, 1
2066, 1, 1
2067, 1, 1
2068, 1, 1
2069, 1, 1
2070, 1, 1
2071, 1, 1
2072, 1, 1
2073, 1, 1
2074, 1, 1
2075, 1, 1
2076, 1, 1
2077, 1, 1
2078, 1, 1
2079, 1, 1
2080, 1, 1
2081, 1, 1
2082, 1, 1
2083, 1, 1
2084, 1, 1
2085, 1, 1
2086, 1, 1
2087, 1, 1
2088, 1, 1
2089, 1, 1
2090, 1, 1
2091, 1, 1
2092, 1, 1
2093, 1, 1
2094, 1, 1
2095, 1, 1
2096, 1, 1
2097, 1, 1
2098, 1, 1
2099, 1, 1
2100, 1, 1
2101, 1, 1
2102, 1, 1
2103, 1, 1
2104, 1, 1
2105, 1, 1
2106, 1, 1
2107, 1, 1
2108, 1, 1
2109, 1, 1
2110, 1, 1
2111, 1, 1
2112, 1, 1
2113, 1, 1
2114, 1, 1
2115, 1, 1
2116, 1, 1
2117, 1, 1
2118, 1, 1
2119, 1, 1
2120, 1, 1
2121, 1, 1
2122, 1, 1
2123, 1, 1
2124, 1, 1
2125, 1, 1
2126, 1, 1
2127, 1, 1
2128, 1, 1
2129, 1, 1
2130, 1, 1
2131, 1, 1
2132, 1, 1
2133, 1, 1
2134, 1, 1
2135, 1, 1
2136, 1, 1
2137, 1, 1
2138, 1, 1
2139, 1, 1
2140, 1, 1
2141, 1, 1
2142, 1, 1
2143, 1, 1
2144, 1, 1
2145, 1, 1
2146, 1, 1
2147, 1, 1
2148, 1, 1
2149, 1, 1
2150, 1, 1
2151, 1, 1
2152, 1, 1
2153, 1, 1
2154, 1, 1
2155, 1, 1
2156, 1, 1
2157, 1, 1
2158, 1, 1
2159, 1, 1
2160, 1, 1
2161, 1, 1
2162, 1, 1
2163, 1, 1
2164, 1, 1
2165, 1, 1
2166, 1, 1
2167, 1, 1
2168, 1, 1
2169, 1, 1
2170, 1, 1
2171, 1, 1
2172, 1, 1
2173, 1, 1
2174, 1, 1
2175, 1, 1
2176, 1, 1
2177, 1, 1
2178, 1, 1
2179, 1, 1
2180, 1, 1
2181, 1, 1
2182, 1, 1
2183, 1, 1
2184, 1, 1
2185, 1, 1
2186, 1, 1
2187, 1, 1
2188, 1, 1
2189, 1, 1
2190, 1, 1
2191, 1, 1
2192, 1, 1
2193, 1, 1
2194, 1, 1
2195, 1, 1
2196, 1, 1
2197, 1, 1
2198, 1, 1
2199, 1, 1
2200, 1, 1
2201, 1, 1
2202, 1, 1
2203, 1, 1
2204, 1, 1
2205, 1, 1
2206, 1, 1
2207, 1, 1
2208, 1, 1
2209, 1, 1
2210, 1, 1
2211, 1, 1
2212, 1, 1
2213, 1, 1
2214, 1, 1
2215, 1, 1
2216, 1, 1
2217, 1, 1
2218, 1, 1
2219, 1, 1
2220, 1, 1
2221, 1, 1
2222, 1, 1
2223, 1, 1
2224, 1, 1
2225, 1, 1
2226, 1, 1
2227, 1, 1
2228, 1, 1
2229, 1, 1
2230, 1, 1
2231, 1, 1
2232, 1, 1
2233, 1, 1
2234, 1, 1
2235, 1, 1
2236, 1, 1
2237, 1, 1
2238, 1, 1
2239, 1, 1
2240, 1, 1
2241, 1, 1
2242, 1, 1
2243, 1, 1
2244, 1, 1
2245, 1, 1
2246, 1, 1
2247, 1, 1
2248, 1, 1
2249, 1, 1
2250, 1, 1
2251, 1, 1
2252, 1, 1
2253, 1, 1
2254, 1, 1
2255, 1, 1
2256, 1, 1
2257, 1, 1
2258, 1, 1
2259, 1, 1
2260, 1, 1
2261, 1, 1
2262, 1, 1
2263, 1, 1
2264, 1, 1
2265, 1, 1
2266, 1, 1
2267, 1, 1
2268, 1, 1
2269, 1, 1
2270, 1, 1
2271, 1, 1
2272, 1, 1
2273, 1, 1
2274, 1, 1
2275, 1, 1
2276, 1, 1
2277, 1, 1
2278, 1, 1
2279, 1, 1
2280, 1, 1
2281, 1, 1
2282, 1, 1
2283, 1, 1
2284, 1, 1
2285, 1, 1
2286, 1, 1
2287, 1, 1
2288, 1, 1
2289, 1, 1
2290, 1, 1
2291, 1, 1
2292, 1, 1
2293, 1, 1
2294, 1, 1
2295, 1, 1
2296, 1, 1
2297, 1, 1
2298, 1, 1
2299, 1, 1
2300, 1, 1
2301, 1, 1
2302, 1, 1
2303, 1, 1
2304, 1, 1
2305, 1, 1
2306, 1, 1
2307, 1, 1
2308, 1, 1
2309, 1, 1
2310, 1, 1
2311, 1, 1
2312, 1, 1
2313, 1, 1
2314, 1, 1
2315, 1, 1
2316, 1, 1
2317, 1, 1
2318, 1, 1
2319, 1, 1
2320, 1, 1
2321, 1, 1
2322, 1, 1
2323, 1, 1
2324, 1, 1
2325, 1, 1
2326, 1, 1
2327, 1, 1
2328, 1, 1
2329, 1, 1
2330, 1, 1
2331, 1, 1
2332, 1, 1
2333, 1, 1
2334, 1, 1
2335, 1, 1
2336, 1, 1
2337, 1, 1
2338, 1, 1
2339, 1, 1
2340, 1, 1
2341, 1, 1
2342, 1, 1
2343, 1, 1
2344, 1, 1
2345, 1, 1
2346, 1, 1
2347, 1, 1
2348, 1, 1
2349, 1, 1
2350, 1, 1
2351, 1, 1
2352, 1, 1
2353, 1, 1
2354, 1, 1
2355, 1, 1
2356, 1, 1
2357, 1, 1
2358, 1, 1
2359, 1, 1
2360, 1, 1
2361, 1, 1
2362, 1, 1
2363, 1, 1
2364, 1, 1
2365, 1, 1
2366, 1, 1
2367, 1, 1
2368, 1, 1
2369, 1, 1
2370, 1, 1
2371, 1, 1
2372, 1, 1
2373, 1, 1
2374, 1, 1
2375, 1, 1
2376, 1, 1
2377, 1, 1
2378, 1, 1
2379, 1, 1
2380, 1, 1
2381, 1, 1
2382, 1, 1
2383, 1, 1
2384, 1, 1
2385, 1, 1
2386, 1, 1
2387, 1, 1
2388, 1, 1
2389, 1, 1
2390, 1, 1
2391, 1, 1
2392, 1, 1
2393, 1, 1
2394, 1, 1
2395, 1, 1
2396, 1, 1
2397, 1, 1
2398, 1, 1
2399, 1, 1
2400, 1, 1
2401, 1, 1
2402, 1, 1
2403, 1, 1
2404, 1, 1
2405, 1, 1
2406, 1, 1
2407, 1, 1
2408, 1, 1
2409, 1, 1
2410, 1, 1
2411, 1, 1
2412, 1, 1
2413, 1, 1
2414, 1, 1
2415, 1, 1
2416, 1, 1
2417, 1, 1
2418, 1, 1
2419, 1, 1
2420, 1, 1
2421, 1, 1
2422, 1, 1
2423, 1, 1
2424, 1, 1
2425, 1, 1
2426, 1, 1
2427, 1, 1
2428, 1, 1
2429, 1, 1
2430, 1, 1
2431, 1, 1
2432, 1, 1
2433, 1, 1
2434, 1, 1
2435, 1, 1
2436, 1, 1
2437, 1, 1
2438, 1, 1
2439, 1, 1
2440, 1, 1
2441, 1, 1
2442, 1, 1
2443, 1, 1
2444, 1, 1
2445, 1, 1
2446, 1, 1
2447, 1, 1
2448, 1, 1
2449, 1, 1
2450, 1, 1
2451, 1, 1
2452, 1, 1
2453, 1, 1
2454, 1, 1
2455, 1, 1
2456, 1, 1
2457, 1, 1
2458, 1, 1
2459, 1, 1
2460, 1, 1
2461, 1, 1
2462, 1, 1
2463, 1, 1
2464, 1, 1
2465, 1, 1
2466, 1, 1
2467, 1, 1
2468, 1, 1
2469, 1, 1
2470, 1, 1
2471, 1, 1
2472, 1, 1
2473, 1, 1
2474, 1, 1
2475, 1, 1
2476, 1, 1
2477, 1, 1
2478, 1, 1
2479, 1, 1
2480, 1, 1
2481, 1, 1
2482, 1, 1
2483, 1, 1
2484, 1, 1
2485, 1, 1
2486, 1, 1
2487, 1, 1
2488, 1, 1
2489, 1, 1
2490, 1, 1
2491, 1, 1
2492, 1, 1
2493, 1, 1
2494, 1, 1
2495, 1, 1
2496, 1, 1
2497, 1, 1
2498, 1, 1
2499, 1, 1
2500, 1, 1
2501, 1, 1
2502, 1, 1
2503, 1, 1
2504, 1, 1
2505, 1, 1
2506, 1, 1
2507, 1, 1
2508, 1, 1
2509, 1, 1
2510, 1, 1
2511, 1, 1
2512, 1, 1
2513, 1, 1
2514, 1, 1
2515, 1, 1
2516, 1, 1
2517, 1, 1
2518, 1, 1
2519, 1, 1
2520, 1, 1
2521, 1, 1
2522, 1, 1
2523, 1, 1
2524, 1, 1
2525, 1, 1
2526, 1, 1
2527, 1, 1
2528, 1, 1
2529, 1, 1
2530, 1, 1
2531, 1, 1
2532, 1, 1
2533, 1, 1
2534, 1, 1
2535, 1, 1
2536, 1, 1
2537, 1, 1
2538, 1, 1
2539, 1, 1
2540, 1, 1
2541, 1, 1
2542, 1, 1
2543, 1, 1
2544, 1, 1
2545, 1, 1
2546, 1, 1
2547, 1, 1
2548, 1, 1
2549, 1, 1
2550, 1, 1
2551, 1, 1
2552, 1, 1
2553, 1, 1
2554, 1, 1
2555, 1, 1
2556, 1, 1
2557, 1, 1
2558, 1, 1
2559, 1, 1
2560, 1, 1
2561, 1, 1
2562, 1, 1
2563, 1, 1
2564, 1, 1
2565, 1, 1
2566, 1, 1
2567, 1, 1
2568, 1, 1
2569, 1, 1
2570, 1, 1
2571, 1, 1
2572, 1, 1
2573, 1, 1
2574, 1, 1
2575, 1, 1
2576, 1, 1
2577, 1, 1
2578, 1, 1
2579, 1, 1
2580, 1, 1
2581, 1, 1
2582, 1, 1
2583, 1, 1
2584, 1, 1
2585, 1, 1
2586, 1, 1
2587, 1, 1
2588, 1, 1
2589, 1, 1
2590, 1, 1
2591, 1, 1
2592, 1, 1
2593, 1, 1
2594, 1, 1
2595, 1, 1
2596, 1, 1
2597, 1, 1
2598, 1, 1
2599, 1, 1
2600, 1, 1
2601, 1, 1
2602, 1, 1
2603, 1, 1
2604, 1, 1
2605, 1, 1
2606, 1, 1
2607, 1, 1
2608, 1, 1
2609, 1, 1
2610, 1, 1
2611, 1, 1
2612, 1, 1
2613, 1, 1
2614, 1, 1
2615, 1, 1
2616, 1, 1
2617, 1, 1
2618, 1, 1
2619, 1, 1
2620, 1, 1
2621, 1, 1
2622, 1, 1
2623, 1, 1
2624, 1, 1
2625, 1, 1
2626, 1, 1
2627, 1, 1
2628, 1, 1
2629, 1, 1
2630, 1, 1
2631, 1, 1
2632, 1, 1
2633, 1, 1
2634, 1, 1
2635, 1, 1
2636, 1, 1
2637, 1, 1
2638, 1, 1
2639, 1, 1
2640, 1, 1
2641, 1, 1
2642, 1, 1
2643, 1, 1
2644, 1, 1
2645, 1, 1
2646, 1, 1
2647, 1, 1
2648, 1, 1
2649, 1, 1
2650, 1, 1
2651, 1, 1
2652, 1, 1
2653, 1, 1
2654, 1, 1
2655, 1, 1
2656, 1, 1
2657, 1, 1
2658, 1, 1
2659, 1, 1
2660, 1, 1
2661, 1, 1
2662, 1, 1
2663, 1, 1
2664, 1, 1
2665, 1, 1
2666, 1, 1
2667, 1, 1
2668, 1, 1
2669, 1, 1
2670, 1, 1
2671, 1, 1
2672, 1, 1
2673, 1, 1
2674, 1, 1
2675, 1, 1
2676, 1, 1
2677, 1, 1
2678, 1, 1
2679, 1, 1
2680, 1, 1
2681, 1, 1
2682, 1, 1
2683, 1, 1
2684, 1, 1
2685, 1, 1
2686, 1, 1
2687, 1, 1
2688, 1, 1
2689, 1, 1
2690, 1, 1
2691, 1, 1
2692, 1, 1
2693, 1, 1
2694, 1, 1
2695, 1, 1
2696, 1, 1
2697, 1, 1
2698, 1, 1
2699, 1, 1
2700, 1, 1
2701, 1, 1
2702, 1, 1
2703, 1, 1
2704, 1, 1
2705, 1, 1
2706, 1, 1
2707, 1, 1
2708, 1, 1
2709, 1, 1
2710, 1, 1
2711, 1, 1
2712, 1, 1
2713, 1, 1
2714, 1, 1
2715, 1, 1
2716, 1, 1
2717, 1, 1
2718, 1, 1
2719, 1, 1
2720, 1, 1
2721, 1, 1
2722, 1, 1
2723, 1, 1
2724, 1, 1
2725, 1, 1
2726, 1, 1
2727, 1, 1
2728, 1, 1
2729, 1, 1
2730, 1, 1
2731, 1, 1
2732, 1, 1
2733, 1, 1
2734, 1, 1
2735, 1, 1
2736, 1, 1
2737, 1, 1
2738, 1, 1
2739, 1, 1
2740, 1, 1
2741, 1, 1
2742, 1, 1
2743, 1, 1
2744, 1, 1
2745, 1, 1
2746, 1, 1
2747, 1, 1
2748, 1, 1
2749, 1, 1
2750, 1, 1
2751, 1, 1
2752, 1, 1
2753, 1, 1
2754, 1, 1
2755, 1, 1
2756, 1, 1
2757, 1, 1
2758, 1, 1
2759, 1, 1
2760, 1, 1
2761, 1, 1
2762, 1, 1
2763, 1, 1
2764, 1, 1
2765, 1, 1
2766, 1, 1
2767, 1, 1
2768, 1, 1
2769, 1, 1
2770, 1, 1
2771, 1, 1
2772, 1, 1
2773, 1, 1
2774, 1, 1
2775, 1, 1
2776, 1, 1
2777, 1, 1
2778, 1, 1
2779, 1, 1
2780, 1, 1
2781, 1, 1
2782, 1, 1
2783, 1, 1
2784, 1, 1
2785, 1, 1
2786, 1, 1
2787, 1, 1
2788, 1, 1
2789, 1, 1
2790, 1, 1
2791, 1, 1
2792, 1, 1
2793, 1, 1
2794, 1, 1
2795, 1, 1
2796, 1, 1
2797, 1, 1
2798, 1, 1
2799, 1, 1
2800, 1, 1
2801, 1, 1
2802, 1, 1
2803, 1, 1
2804, 1, 1
2805, 1, 1
2806, 1, 1
2807, 1, 1
2808, 1, 1
2809, 1, 1
2810, 1, 1
2811, 1, 1
2812, 1, 1
2813, 1, 1
2814, 1, 1
2815, 1, 1
2816, 1, 1
2817, 1, 1
2818, 1, 1
2819, 1, 1
2820, 1, 1
2821, 1, 1
2822, 1, 1
2823, 1, 1
2824, 1, 1
2825, 1, 1
2826, 1, 1
2827, 1, 1
2828, 1, 1
2829, 1, 1
2830, 1, 1
2831, 1, 1
2832, 1, 1
2833, 1, 1
2834, 1, 1
2835, 1, 1
2836, 1, 1
2837, 1, 1
2838, 1, 1
2839, 1, 1
2840, 1, 1
2841, 1, 1
2842, 1, 1
2843, 1, 1
2844, 1, 1
2845, 1, 1
2846, 1, 1
2847, 1, 1
2848, 1, 1
2849, 1, 1
2850, 1, 1
2851, 1, 1
2852, 1, 1
2853, 1, 1
2854, 1, 1
2855, 1, 1
2856, 1, 1
2857, 1, 1
2858, 1, 1
2859, 1, 1
2860, 1, 1
2861, 1, 1
2862, 1, 1
2863, 1, 1
2864, 1, 1
2865, 1, 1
2866, 1, 1
2867, 1, 1
2868, 1, 1
2869, 1, 1
2870, 1, 1
2871, 1, 1
2872, 1, 1
2873, 1, 1
2874, 1, 1
2875, 1, 1
2876, 1, 1
2877, 1, 1
2878, 1, 1
2879, 1, 1
2880, 1, 1
2881, 1, 1
2882, 1, 1
2883, 1, 1
2884, 1, 1
2885, 1, 1
2886, 1, 1
2887, 1, 1
2888, 1, 1
2889, 1, 1
2890, 1, 1
2891, 1, 1
2892, 1, 1
2893, 1, 1
2894, 1, 1
2895, 1, 1
2896, 1, 1
2897, 1, 1
2898, 1, 1
2899, 1, 1
2900, 1, 1
2901, 1, 1
2902, 1, 1
2903, 1, 1
2904, 1, 1
2905, 1, 1
2906, 1, 1
2907, 1, 1
2908, 1, 1
2909, 1, 1
2910, 1, 1
2911, 1, 1
2912, 1, 1
2913, 1, 1
2914, 1, 1
2915, 1, 1
2916, 1, 1
2917, 1, 1
2918, 1, 1
2919, 1, 1
2920, 1, 1
2921, 1, 1
2922, 1, 1
2923, 1, 1
2924, 1, 1
2925, 1, 1
2926, 1, 1
2927, 1, 1
2928, 1, 1
2929, 1, 1
2930, 1, 1
2931, 1, 1
2932, 1, 1
2933, 1, 1
2934, 1, 1
2935, 1, 1
2936, 1, 1
2937, 1, 1
2938, 1, 1
2939, 1, 1
2940, 1, 1
2941, 1, 1
2942, 1, 1
2943, 1, 1
2944, 1, 1
2945, 1, 1
2946, 1, 1
2947, 1, 1
2948, 1, 1
2949, 1, 1
2950, 1, 1
2951, 1, 1
2952, 1, 1
2953, 1, 1
2954, 1, 1
2955, 1, 1
2956, 1, 1
2957, 1, 1
2958, 1, 1
2959, 1, 1
2960, 1, 1
2961, 1, 1
2962, 1, 1
2963, 1, 1
2964, 1, 1
2965, 1, 1
2966, 1, 1
2967, 1, 1
2968, 1, 1
2969, 1, 1
2970, 1, 1
2971, 1, 1
2972, 1, 1
2973, 1, 1
2974, 1, 1
2975, 1, 1
2976, 1, 1
2977, 1, 1
2978, 1, 1
2979, 1, 1
2980, 1, 1
2981, 1, 1
2982, 1, 1
2983, 1, 1
2984, 1, 1
2985, 1, 1
2986, 1, 1
2987, 1, 1
2988, 1, 1
2989, 1, 1
2990, 1, 1
2991, 1, 1
2992, 1, 1
2993, 1, 1
2994, 1, 1
2995, 1, 1
2996, 1, 1
2997, 1, 1
2998, 1, 1
2999, 1, 1
3000, 1, 1
3001, 1, 1
3002, 1, 1
3003, 1, 1
3004, 1, 1
3005, 1, 1
3006, 1, 1
3007, 1, 1
3008, 1, 1
3009, 1, 1
3010, 1, 1
3011, 1, 1
3012, 1, 1
3013, 1, 1
3014, 1, 1
3015, 1, 1
3016, 1, 1
3017, 1, 1
3018, 1, 1
3019, 1, 1
3020, 1, 1
3021, 1, 1
3022, 1, 1
3023, 1, 1
3024, 1, 1
3025, 1, 1
3026, 1, 1
3027, 1, 1
3028, 1, 1
3029, 1, 1
3030, 1, 1
3031, 1, 1
3032, 1, 1
3033, 1, 1
3034, 1, 1
3035, 1, 1
3036, 1, 1
3037, 1, 1
3038, 1, 1
3039, 1, 1
3040, 1, 1
3041, 1, 1
3042, 1, 1
3043, 1, 1
3044, 1, 1
3045, 1, 1
3046, 1, 1
3047, 1, 1
3048, 1, 1
3049, 1, 1
3050, 1, 1
3051, 1, 1
3052, 1, 1
3053, 1, 1
3054, 1, 1
3055, 1, 1
3056, 1, 1
3057, 1, 1
3058, 1, 1
3059, 1, 1
3060, 1, 1
3061, 1, 1
3062, 1, 1
3063, 1, 1
3064, 1, 1
3065, 1, 1
3066, 1, 1
3067, 1, 1
3068, 1, 1
3069, 1, 1
3070, 1, 1
3071, 1, 1
3072, 1, 1
3073, 1, 1
3074, 1, 1
3075, 1, 1
3076, 1, 1
3077, 1, 1
3078, 1, 1
3079, 1, 1
3080, 1, 1
3081, 1, 1
3082, 1, 1
3083, 1, 1
3084, 1, 1
3085, 1, 1
3086, 1, 1
3087, 1, 1
3088, 1, 1
3089, 1, 1
3090, 1, 1
3091, 1, 1
3092, 1, 1
3093, 1, 1
3094, 1, 1
3095, 1, 1
3096, 1, 1
3097, 1, 1
3098, 1, 1
3099, 1, 1
3100, 1, 1
3101, 1, 1
3102, 1, 1
3103, 1, 1
3104, 1, 1
3105, 1, 1
3106, 1, 1
3107, 1, 1
3108, 1, 1
3109, 1, 1
3110, 1, 1
3111, 1, 1
3112, 1, 1
3113, 1, 1
3114, 1, 1
3115, 1, 1
3116, 1, 1
3117, 1, 1
3118, 1, 1
3119, 1, 1
3120, 1, 1
3121, 1, 1
3122, 1, 1
3123, 1, 1
3124, 1, 1
3125, 1, 1
3126, 1, 1
3127, 1, 1
3128, 1, 1
3129, 1, 1
3130, 1, 1
3131, 1, 1
3132, 1, 1
3133, 1, 1
3134, 1, 1
3135, 1, 1
3136, 1, 1
3137, 1, 1
3138, 1, 1
3139, 1, 1
3140, 1, 1
3141, 1, 1
3142, 1, 1
3143, 1, 1
3144, 1, 1
3145, 1, 1
3146, 1, 1
3147, 1, 1
3148, 1, 1
3149, 1, 1
3150, 1, 1
3151, 1, 1
3152, 1, 1
3153, 1, 1
3154, 1, 1
3155, 1, 1
3156, 1, 1
3157, 1, 1
3158, 1, 1
3159, 1, 1
3160, 1, 1
3161, 1, 1
3162, 1, 1
3163, 1, 1
3164, 1, 1
3165, 1, 1
3166, 1, 1
3167, 1, 1
3168, 1, 1
3169, 1, 1
3170, 1, 1
3171, 1, 1
3172, 1, 1
3173, 1, 1
3174, 1, 1
3175, 1, 1
3176, 1, 1
3177, 1, 1
3178, 1, 1
3179, 1, 1
3180, 1, 1
3181, 1, 1
3182, 1, 1
3183, 1, 1
3184, 1, 1
3185, 1, 1
3186, 1, 1
3187, 1, 1
3188, 1, 1
3189, 1, 1
3190, 1, 1
3191, 1, 1
3192, 1, 1
3193, 1, 1
3194, 1, 1
3195, 1, 1
3196, 1, 1
3197, 1, 1
3198, 1, 1
3199, 1, 1
3200, 1, 1
3201, 1, 1
3202, 1, 1
3203, 1, 1
3204, 1, 1
3205, 1, 1
3206, 1, 1
3207, 1, 1
3208, 1, 1
3209, 1, 1
3210, 1, 1
3211, 1, 1
3212, 1, 1
3213, 1, 1
3214, 1, 1
3215, 1, 1
3216, 1, 1
3217, 1, 1
3218, 1, 1
3219, 1, 1
3220, 1, 1
3221, 1, 1
3222, 1, 1
3223, 1, 1
3224, 1, 1
3225, 1, 1
3226, 1, 1
3227, 1, 1
3228, 1, 1
3229, 1, 1
3230, 1, 1
3231, 1, 1
3232, 1, 1
3233, 1, 1
3234, 1, 1
3235, 1, 1
3236, 1, 1
3237, 1, 1
3238, 1, 1
3239, 1, 1
3240, 1, 1
3241, 1, 1
3242, 1, 1
3243, 1, 1
3244, 1, 1
3245, 1, 1
3246, 1, 1
3247, 1, 1
3248, 1, 1
3249, 1, 1
3250, 1, 1
3251, 1, 1
3252, 1, 1
3253, 1, 1
3254, 1, 1
3255, 1, 1
3256, 1, 1
3257, 1, 1
3258, 1, 1
3259, 1, 1
3260, 1, 1
3261, 1, 1
3262, 1, 1
3263, 1, 1
3264, 1, 1
3265, 1, 1
3266, 1, 1
3267, 1, 1
3268, 1, 1
3269, 1, 1
3270, 1, 1
3271, 1, 1
3272, 1, 1
3273, 1, 1
3274, 1, 1
3275, 1, 1
3276, 1, 1
3277, 1, 1
3278, 1, 1
3279, 1, 1
3280, 1, 1
3281, 1, 1
3282, 1, 1
3283, 1, 1
3284, 1, 1
3285, 1, 1
3286, 1, 1
3287, 1, 1
3288, 1, 1
3289, 1, 1
3290, 1, 1
3291, 1, 1
3292, 1, 1
3293, 1, 1
3294, 1, 1
3295, 1, 1
3296, 1, 1
3297, 1, 1
3298, 1, 1
3299, 1, 1
3300, 1, 1
3301, 1, 1
3302, 1, 1
3303, 1, 1
3304, 1, 1
3305, 1, 1
3306, 1, 1
3307, 1, 1
3308, 1, 1
3309, 1, 1
3310, 1, 1
3311, 1, 1
3312, 1, 1
3313, 1, 1
3314, 1, 1
3315, 1, 1
3316, 1, 1
3317, 1, 1
3318, 1, 1
3319, 1, 1
3320, 1, 1
3321, 1, 1
3322, 1, 1
3323, 1, 1
3324, 1, 1
3325, 1, 1
3326, 1, 1
3327, 1, 1
3328, 1, 1
3329, 1, 1
3330, 1, 1
3331, 1, 1
3332, 1, 1
3333, 1, 1
3334, 1, 1
3335, 1, 1
3336, 1, 1
3337, 1, 1
3338, 1, 1
3339, 1, 1
3340, 1, 1
3341, 1, 1
3342, 1, 1
3343, 1, 1
3344, 1, 1
3345, 1, 1
3346, 1, 1
3347, 1, 1
3348, 1, 1
3349, 1, 1
3350, 1, 1
3351, 1, 1
3352, 1, 1
3353, 1, 1
3354, 1, 1
3355, 1, 1
3356, 1, 1
3357, 1, 1
3358, 1, 1
3359, 1, 1
3360, 1, 1
3361, 1, 1
3362, 1, 1
3363, 1, 1
3364, 1, 1
3365, 1, 1
3366, 1, 1
3367, 1, 1
3368, 1, 1
3369, 1, 1
3370, 1, 1
3371, 1, 1
3372, 1, 1
3373, 1, 1
3374, 1, 1
3375, 1, 1
3376, 1, 1
3377, 1, 1
3378, 1, 1
3379, 1, 1
3380, 1, 1
3381, 1, 1
3382, 1, 1
3383, 1, 1
3384, 1, 1
3385, 1, 1
3386, 1, 1
3387, 1, 1
3388, 1, 1
3389, 1, 1
3390, 1, 1
3391, 1, 1
3392, 1, 1
3393, 1, 1
3394, 1, 1
3395, 1, 1
3396, 1, 1
3397, 1, 1
3398, 1, 1
3399, 1, 1
3400, 1, 1
3401, 1, 1
3402, 1, 1
3403, 1, 1
3404, 1, 1
3405, 1, 1
3406, 1, 1
3407, 1, 1
3408, 1, 1
3409, 1, 1
3410, 1, 1
3411, 1, 1
3412, 1, 1
3413, 1, 1
3414, 1, 1
3415, 1, 1
3416, 1, 1
3417, 1, 1
3418, 1, 1
3419, 1, 1
3420, 1, 1
3421, 1, 1
3422, 1, 1
3423, 1, 1
3424, 1, 1
3425, 1, 1
3426, 1, 1
3427, 1, 1
3428, 1, 1
3429, 1, 1
3430, 1, 1
3431, 1, 1
3432, 1, 1
3433, 1, 1
3434, 1, 1
3435, 1, 1
3436, 1, 1
3437, 1, 1
3438, 1, 1
3439, 1, 1
3440, 1, 1
3441, 1, 1
3442, 1, 1
3443, 1, 1
3444, 1, 1
3445, 1, 1
3446, 1, 1
3447, 1, 1
3448, 1, 1
3449, 1, 1
3450, 1, 1
3451, 1, 1
3452, 1, 1
3453, 1, 1
3454, 1, 1
3455, 1, 1
3456, 1, 1
3457, 1, 1
3458, 1, 1
3459, 1, 1
3460, 1, 1
3461, 1, 1
3462, 1, 1
3463, 1, 1
3464, 1, 1
3465, 1, 1
3466, 1, 1
3467, 1, 1
3468, 1, 1
3469, 1, 1
3470, 1, 1
3471, 1, 1
3472, 1, 1
3473, 1, 1
3474, 1, 1
3475, 1, 1
3476, 1, 1
3477, 1, 1
3478, 1, 1
3479, 1, 1
3480, 1, 1
3481, 1, 1
3482, 1, 1
3483, 1, 1
3484, 1, 1
3485, 1, 1
3486, 1, 1
3487, 1, 1
3488, 1, 1
3489, 1, 1
3490, 1, 1
3491, 1, 1
3492, 1, 1
3493, 1, 1
3494, 1, 1
3495, 1, 1
3496, 1, 1
3497, 1, 1
3498, 1, 1
3499, 1, 1
3500, 1, 1
3501, 1, 1
3502, 1, 1
3503, 1, 1
3504, 1, 1
3505, 1, 1
3506, 1, 1
3507, 1, 1
3508, 1, 1
3509, 1, 1
3510, 1, 1
3511, 1, 1
3512, 1, 1
3513, 1, 1
3514, 1, 1
3515, 1, 1
3516, 1, 1
3517, 1, 1
3518, 1, 1
3519, 1, 1
3520, 1, 1
3521, 1, 1
3522, 1, 1
3523, 1, 1
3524, 1, 1
3525, 1, 1
3526, 1, 1
3527, 1, 1
3528, 1, 1
3529, 1, 1
3530, 1, 1
3531, 1, 1
3532, 1, 1
3533, 1, 1
3534, 1, 1
3535, 1, 1
3536, 1, 1
3537, 1, 1
3538, 1, 1
3539, 1, 1
3540, 1, 1
3541, 1, 1
3542, 1, 1
3543, 1, 1
3544, 1, 1
3545, 1, 1
3546, 1, 1
3547, 1, 1
3548, 1, 1
3549, 1, 1
3550, 1, 1
3551, 1, 1
3552, 1, 1
3553, 1, 1
3554, 1, 1
3555, 1, 1
3556, 1, 1
3557, 1, 1
3558, 1, 1
3559, 1, 1
3560, 1, 1
3561, 1, 1
3562, 1, 1
3563, 1, 1
3564, 1, 1
3565, 1, 1
3566, 1, 1
3567, 1, 1
3568, 1, 1
3569, 1, 1
3570, 1, 1
3571, 1, 1
3572, 1, 1
3573, 1, 1
3574, 1, 1
3575, 1, 1
3576, 1, 1
3577, 1, 1
3578, 1, 1
3579, 1, 1
3580, 1, 1
3581, 1, 1
3582, 1, 1
3583, 1, 1
3584, 1, 1
3585, 1, 1
3586, 1, 1
3587, 1, 1
3588, 1, 1
3589, 1, 1
3590, 1, 1
3591, 1, 1
3592, 1, 1
3593, 1, 1
3594, 1, 1
3595, 1, 1
3596, 1, 1
3597, 1, 1
3598, 1, 1
3599, 1, 1
3600, 1, 1
3601, 1, 1
3602, 1, 1
3603, 1, 1
3604, 1, 1
3605, 1, 1
3606, 1, 1
3607, 1, 1
3608, 1, 1
3609, 1, 1
3610, 1, 1
3611, 1, 1
3612, 1, 1
3613, 1, 1
3614, 1, 1
3615, 1, 1
3616, 1, 1
3617, 1, 1
3618, 1, 1
3619, 1, 1
3620, 1, 1
3621, 1, 1
3622, 1, 1
3623, 1, 1
3624, 1, 1
3625, 1, 1
3626, 1, 1
3627, 1, 1
3628, 1, 1
3629, 1, 1
3630, 1, 1
3631, 1, 1
3632, 1, 1
3633, 1, 1
3634, 1, 1
3635, 1, 1
3636, 1, 1
3637, 1, 1
3638, 1, 1
3639, 1, 1
3640, 1, 1
3641, 1, 1
3642, 1, 1
3643, 1, 1
3644, 1, 1
3645, 1, 1
3646, 1, 1
3647, 1, 1
3648, 1, 1
3649, 1, 1
3650, 1, 1
3651, 1, 1
3652, 1, 1
3653, 1, 1
3654, 1, 1
3655, 1, 1
3656, 1, 1
3657, 1, 1
3658, 1, 1
3659, 1, 1
3660, 1, 1
3661, 1, 1
3662, 1, 1
3663, 1, 1
3664, 1, 1
3665, 1, 1
3666, 1, 1
3667, 1, 1
3668, 1, 1
3669, 1, 1
3670, 1, 1
3671, 1, 1
3672, 1, 1
3673, 1, 1
3674, 1, 1
3675, 1, 1
3676, 1, 1
3677, 1, 1
3678, 1, 1
3679, 1, 1
3680, 1, 1
3681, 1, 1
3682, 1, 1
3683, 1, 1
3684, 1, 1
3685, 1, 1
3686, 1, 1
3687, 1, 1
3688, 1, 1
3689, 1, 1
3690, 1, 1
3691, 1, 1
3692, 1, 1
3693, 1, 1
3694, 1, 1
3695, 1, 1
3696, 1, 1
3697, 1, 1
3698, 1, 1
3699, 1, 1
3700, 1, 1
3701, 1, 1
3702, 1, 1
3703, 1, 1
3704, 1, 1
3705, 1, 1
3706, 1, 1
3707, 1, 1
3708, 1, 1
3709, 1, 1
3710, 1, 1
3711, 1, 1
3712, 1, 1
3713, 1, 1
3714, 1, 1
3715, 1, 1
3716, 1, 1
3717, 1, 1
3718, 1, 1
3719, 1, 1
3720, 1, 1
3721, 1, 1
3722, 1, 1
3723, 1, 1
3724, 1, 1
3725, 1, 1
3726, 1, 1
3727, 1, 1
3728, 1, 1
3729, 1, 1
3730, 1, 1
3731, 1, 1
3732, 1, 1
3733, 1, 1
3734, 1, 1
3735, 1, 1
3736, 1, 1
3737, 1, 1
3738, 1, 1
3739, 1, 1
3740, 1, 1
3741, 1, 1
3742, 1, 1
3743, 1, 1
3744, 1, 1
3745, 1, 1
3746, 1, 1
3747, 1, 1
3748, 1, 1
3749, 1, 1
3750, 1, 1
3751, 1, 1
3752, 1, 1
3753, 1, 1
3754, 1, 1
3755, 1, 1
3756, 1, 1
3757, 1, 1
3758, 1, 1
3759, 1, 1
3760, 1, 1
3761, 1, 1
3762, 1, 1
3763, 1, 1
3764, 1, 1
3765, 1, 1
3766, 1, 1
3767, 1, 1
3768, 1, 1
3769, 1, 1
3770, 1, 1
3771, 1, 1
3772, 1, 1
3773, 1, 1
3774, 1, 1
3775, 1, 1
3776, 1, 1
3777, 1, 1
3778, 1, 1
3779, 1, 1
3780, 1, 1
3781, 1, 1
3782, 1, 1
3783, 1, 1
3784, 1, 1
3785, 1, 1
3786, 1, 1
3787, 1, 1
3788, 1, 1
3789, 1, 1
3790, 1, 1
3791, 1, 1
3792, 1, 1
3793, 1, 1
3794, 1, 1
3795, 1, 1
3796, 1, 1
3797, 1, 1
3798, 1, 1
3799, 1, 1
3800, 1, 1
3801, 1, 1
3802, 1, 1
3803, 1, 1
3804, 1, 1
3805, 1, 1
3806, 1, 1
3807, 1, 1
3808, 1, 1
3809, 1, 1
3810, 1, 1
3811, 1, 1
3812, 1, 1
3813, 1, 1
3814, 1, 1
3815, 1, 1
3816, 1, 1
3817, 1, 1
3818, 1, 1
3819, 1, 1
3820, 1, 1
3821, 1, 1
3822, 1, 1
3823, 1, 1
3824, 1, 1
3825, 1, 1
3826, 1, 1
3827, 1, 1
3828, 1, 1
3829, 1, 1
3830, 1, 1
3831, 1, 1
3832, 1, 1
3833, 1, 1
3834, 1, 1
3835, 1, 1
3836, 1, 1
3837, 1, 1
3838, 1, 1
3839, 1, 1
3840, 1, 1
3841, 1, 1
3842, 1, 1
3843, 1, 1
3844, 1, 1
3845, 1, 1
3846, 1, 1
3847, 1, 1
3848, 1, 1
3849, 1, 1
3850, 1, 1
3851, 1, 1
3852, 1, 1
3853, 1, 1
3854, 1, 1
3855, 1, 1
3856, 1, 1
3857, 1, 1
3858, 1, 1
3859, 1, 1
3860, 1, 1
3861, 1, 1
3862, 1, 1
3863, 1, 1
3864, 1, 1
3865, 1, 1
3866, 1, 1
3867, 1, 1
3868, 1, 1
3869, 1, 1
3870, 1, 1
3871, 1, 1
3872, 1, 1
3873, 1, 1
3874, 1, 1
3875, 1, 1
3876, 1, 1
3877, 1, 1
3878, 1, 1
3879, 1, 1
3880, 1, 1
3881, 1, 1
3882, 1, 1
3883, 1, 1
3884, 1, 1
3885, 1, 1
3886, 1, 1
3887, 1, 1
3888, 1, 1
3889, 1, 1
3890, 1, 1
3891, 1, 1
3892, 1, 1
3893, 1, 1
3894, 1, 1
3895, 1, 1
3896, 1, 1
3897, 1, 1
3898, 1, 1
3899, 1, 1
3900, 1, 1
3901, 1, 1
3902, 1, 1
3903, 1, 1
3904, 1, 1
3905, 1, 1
3906, 1, 1
3907, 1, 1
3908, 1, 1
3909, 1, 1
3910, 1, 1
3911, 1, 1
3912, 1, 1
3913, 1, 1
3914, 1, 1
3915, 1, 1
3916, 1, 1
3917, 1, 1
3918, 1, 1
3919, 1, 1
3920, 1, 1
3921, 1, 1
3922, 1, 1
3923, 1, 1
3924, 1, 1
3925, 1, 1
3926, 1, 1
3927, 1, 1
3928, 1, 1
3929, 1, 1
3930, 1, 1
3931, 1, 1
3932, 1, 1
3933, 1, 1
3934, 1, 1
3935, 1, 1
3936, 1, 1
3937, 1, 1
3938, 1, 1
3939, 1, 1
3940, 1, 1
3941, 1, 1
3942, 1, 1
3943, 1, 1
3944, 1, 1
3945, 1, 1
3946, 1, 1
3947, 1, 1
3948, 1, 1
3949, 1, 1
3950, 1, 1
3951, 1, 1
3952, 1, 1
3953, 1, 1
3954, 1, 1
3955, 1, 1
3956, 1, 1
3957, 1, 1
3958, 1, 1
3959, 1, 1
3960, 1, 1
3961, 1, 1
3962, 1, 1
3963, 1, 1
3964, 1, 1
3965, 1, 1
3966, 1, 1
3967, 1, 1
3968, 1, 1
3969, 1, 1
3970, 1, 1
3971, 1, 1
3972, 1, 1
3973, 1, 1
3974, 1, 1
3975, 1, 1
3976, 1, 1
3977, 1, 1
3978, 1, 1
3979, 1, 1
3980, 1, 1
3981, 1, 1
3982, 1, 1
3983, 1, 1
3984, 1, 1
3985, 1, 1
3986, 1, 1
3987, 1, 1
3988, 1, 1
3989, 1, 1
3990, 1, 1
3991, 1, 1
3992, 1, 1
3993, 1, 1
3994, 1, 1
3995, 1, 1
3996, 1, 1
3997, 1, 1
3998, 1, 1
3999, 1, 1
4000, 1, 1
4001, 1, 1
4002, 1, 1
4003, 1, 1
4004, 1, 1
4005, 1, 1
4006, 1, 1
4007, 1, 1
4008, 1, 1
4009, 1, 1
4010, 1, 1
4011, 1, 1
4012, 1, 1
4013, 1, 1
4014, 1, 1
4015, 1, 1
4016, 1, 1
4017, 1, 1
4018, 1, 1
4019, 1, 1
4020, 1, 1
4021, 1, 1
4022, 1, 1
4023, 1, 1
4024, 1, 1
4025, 1, 1
4026, 1, 1
4027, 1, 1
4028, 1, 1
4029, 1, 1
4030, 1, 1
4031, 1, 1
4032, 1, 1
4033, 1, 1
4034, 1, 1
4035, 1, 1
4036, 1, 1
4037, 1, 1
4038, 1, 1
4039, 1, 1
4040, 1, 1
4041, 1, 1
4042, 1, 1
4043, 1, 1
4044, 1, 1
4045, 1, 1
4046, 1, 1
4047, 1, 1
4048, 1, 1
4049, 1, 1
4050, 1, 1
4051, 1, 1
4052, 1, 1
4053, 1, 1
4054, 1, 1
4055, 1, 1
4056, 1, 1
4057, 1, 1
4058, 1, 1
4059, 1, 1
4060, 1, 1
4061, 1, 1
4062, 1, 1
4063, 1, 1
4064, 1, 1
4065, 1, 1
4066, 1, 1
4067, 1, 1
4068, 1, 1
4069, 1, 1
4070, 1, 1
4071, 1, 1
4072, 1, 1
4073, 1, 1
4074, 1, 1
4075, 1, 1
4076, 1, 1
4077, 1, 1
4078, 1, 1
4079, 1, 1
4080, 1, 1
4081, 1, 1
4082, 1, 1
4083, 1, 1
4084, 1, 1
4085, 1, 1
4086, 1, 1
4087, 1, 1
4088, 1, 1
4089, 1, 1
4090, 1, 1
4091, 1, 1
4092, 1, 1
4093, 1, 1
4094, 1, 1
